{"dim1": [1920, 1080], "dim2": [1920, 1080], "dim3": [1920, 1080], "K": [[731.9664147050734, 0.0, 1010.9951091991372], [0.0, 684.180669115882, 543.9636621656565], [0.0, 0.0, 1.0]], "D": [[0.04960903455541625], [0.08918415059765829], [-0.11478606119575331], [0.03864083488125507]], "new_K": [[332.15875045982733, 0.0, 1055.83966590175], [0.0, 310.474075827464, 543.386249503822], [0.0, 0.0, 1.0]], "scaled_K": [[731.9664147050734, 0.0, 1010.9951091991372], [0.0, 684.180669115882, 543.9636621656565], [0.0, 0.0, 1.0]], "balance": 1}